position(mm),mass(g/mm)
1,4.15087
2,4.15087
3,4.15087
4,4.15087
5,4.15087
6,4.15087
7,4.15087
8,4.15087
9,4.15087
10,4.15087
11,4.15087
12,4.15087
13,4.15087
14,4.15087
15,4.15087
16,4.15087
17,4.15087
18,4.15087
19,4.15087
20,4.15087
21,4.15087
22,4.15087
23,4.15087
24,4.15087
25,4.15087
26,4.15087
27,4.15087
28,4.15087
29,4.15087
30,4.15087
31,4.15087
32,4.15087
33,4.15087
34,4.15087
35,4.15087
36,4.15087
37,4.15087
38,4.15087
39,4.15087
40,4.15087
41,4.15087
42,4.15087
43,4.15087
44,4.15087
45,4.15087
46,4.15087
47,4.15087
48,4.15087
49,4.15087
50,4.15087
51,4.15087
52,4.15087
53,4.15087
54,4.15087
55,4.15087
56,4.15087
57,4.15087
58,4.15087
59,4.15087
60,4.15087
61,4.15087
62,4.15087
63,4.15087
64,4.15087
65,4.15087
66,4.15087
67,4.15087
68,4.15087
69,4.15087
70,4.15087
71,4.15087
72,4.15087
73,4.15087
74,4.15087
75,4.15087
76,4.15087
77,4.15087
78,4.15087
79,4.15087
80,4.15087
81,4.15087
82,4.15087
83,4.15087
84,4.15087
85,4.15087
86,4.15087
87,4.15087
88,4.15087
89,4.15087
90,4.15087
91,4.15087
92,4.15087
93,4.15087
94,4.15087
95,4.15087
96,4.15087
97,4.15087
98,4.15087
99,4.15087
100,4.15087
101,4.15087
102,4.15087
103,4.15087
104,4.15087
105,4.15087
106,4.15087
107,4.15087
108,4.15087
109,4.15087
110,4.15087
111,4.15087
112,4.15087
113,4.15087
114,4.15087
115,4.15087
116,4.15087
117,4.15087
118,4.15087
119,4.15087
120,4.15087
121,4.15087
122,4.15087
123,4.15087
124,4.15087
125,4.15087
126,4.15087
127,4.15087
128,4.15087
129,4.15087
130,4.15087
131,4.15087
132,4.15087
133,4.15087
134,4.15087
135,4.15087
136,4.15087
137,4.15087
138,4.15087
139,4.15087
140,4.15087
141,4.15087
142,4.15087
143,4.15087
144,4.15087
145,4.15087
146,4.15087
147,4.15087
148,4.15087
149,4.15087
150,4.15087
151,4.15087
152,4.15087
153,4.15087
154,4.15087
155,4.15087
156,4.15087
157,4.15087
158,4.15087
159,4.15087
160,4.15087
161,4.15087
162,4.15087
163,4.15087
164,4.15087
165,4.15087
166,4.15087
167,4.15087
168,4.15087
169,4.15087
170,4.15087
171,4.15087
172,4.15087
173,4.15087
174,4.15087
175,4.15087
176,4.15087
177,4.15087
178,4.15087
179,4.15087
180,4.15087
181,4.15087
182,4.15087
183,4.15087
184,4.15087
185,4.15087
186,4.15087
187,4.15087
188,4.15087
189,4.15087
190,4.15087
191,4.15087
192,4.15087
193,4.15087
194,4.15087
195,4.15087
196,4.15087
197,4.15087
198,4.15087
199,4.15087
200,4.15087
201,4.15087
202,4.15087
203,4.15087
204,4.15087
205,4.15087
206,4.15087
207,4.15087
208,4.15087
209,4.15087
210,4.15087
211,4.15087
212,4.15087
213,4.15087
214,4.15087
215,4.15087
216,4.15087
217,4.15087
218,4.15087
219,4.15087
220,4.15087
221,4.15087
222,4.15087
223,4.15087
224,4.15087
225,4.15087
226,4.15087
227,4.15087
228,4.15087
229,4.15087
230,4.15087
231,4.15087
232,4.15087
233,4.15087
234,4.15087
235,4.15087
236,4.15087
237,4.15087
238,4.15087
239,4.15087
240,4.15087
241,4.15087
242,4.15087
243,4.15087
244,4.15087
245,4.15087
246,4.15087
247,4.15087
248,4.15087
249,4.15087
250,4.15087
251,4.15087
252,4.15087
253,4.15087
254,4.15087
255,4.15087
256,4.15087
257,4.15087
258,4.15087
259,4.15087
260,4.15087
261,4.15087
262,4.15087
263,4.15087
264,4.15087
265,4.15087
266,4.15087
267,4.15087
268,4.15087
269,4.15087
270,4.15087
271,4.15087
272,4.15087
273,4.15087
274,4.15087
275,4.15087
276,4.15087
277,4.15087
278,4.15087
279,4.15087
280,4.15087
281,4.15087
282,4.15087
283,4.15087
284,4.15087
285,4.15087
286,4.15087
287,4.15087
288,4.15087
289,4.15087
290,4.15087
291,4.15087
292,4.15087
293,4.15087
294,4.15087
295,4.15087
296,4.15087
297,4.15087
298,4.15087
299,4.15087
300,4.15087
301,4.15087
302,4.15087
303,4.15087
304,4.15087
305,4.15087
306,4.15087
307,4.15087
308,4.15087
309,4.15087
310,4.15087
311,4.15087
312,4.15087
313,4.15087
314,4.15087
315,4.15087
316,4.15087
317,4.15087
318,4.15087
319,4.15087
320,4.15087
321,4.15087
322,4.15087
323,4.15087
324,4.15087
325,4.15087
326,4.15087
327,4.15087
328,4.15087
329,4.15087
330,4.15087
331,4.15087
332,4.15087
333,4.15087
334,4.15087
335,4.15087
336,4.15087
337,4.15087
338,4.15087
339,4.15087
340,4.15087
341,4.15087
342,4.15087
343,4.15087
344,4.15087
345,4.15087
346,4.15087
347,4.15087
348,4.15087
349,4.15087
350,4.15087
351,4.15087
352,4.15087
353,4.15087
354,4.15087
355,4.15087
356,4.15087
357,4.15087
358,4.15087
359,4.15087
360,4.15087
361,4.15087
362,4.15087
363,4.15087
364,4.15087
365,4.15087
366,4.15087
367,4.15087
368,4.15087
369,4.15087
370,4.15087
371,4.15087
372,4.15087
373,4.15087
374,4.15087
375,4.15087
376,4.15087
377,4.15087
378,4.15087
379,4.15087
380,4.15087
381,4.15087
382,4.15087
383,4.15087
384,4.15087
385,4.15087
386,4.15087
387,4.15087
388,4.15087
389,4.15087
390,4.15087
391,4.15087
392,4.15087
393,4.15087
394,4.15087
395,4.15087
396,4.15087
397,4.15087
398,4.15087
399,4.15087
400,4.15087
401,4.15087
402,4.15087
403,4.15087
404,4.15087
405,4.15087
406,4.15087
407,4.15087
408,4.15087
409,4.15087
410,4.15087
411,4.15087
412,4.15087
413,4.15087
414,4.15087
415,4.15087
416,4.15087
417,4.15087
418,4.15087
419,4.15087
420,4.15087
421,4.15087
422,4.15087
423,4.15087
424,4.15087
425,4.15087
426,4.15087
427,4.15087
428,4.15087
429,4.15087
430,4.15087
431,4.15087
432,4.15087
433,4.15087
434,4.15087
435,4.15087
436,4.15087
437,4.15087
438,4.15087
439,4.15087
440,4.15087
441,4.15087
442,4.15087
443,4.15087
444,4.15087
445,4.15087
446,4.15087
447,4.15087
448,4.15087
449,4.15087
450,4.15087
451,4.15087
452,4.15087
453,4.15087
454,4.15087
455,4.15087
456,4.15087
457,4.15087
458,4.15087
459,4.15087
460,4.15087
461,4.15087
462,4.15087
463,4.15087
464,4.15087
465,4.15087
466,4.15087
467,4.15087
468,4.15087
469,4.15087
470,4.15087
471,4.15087
472,4.15087
473,4.15087
474,4.15087
475,4.15087
476,4.15087
477,4.15087
478,4.15087
479,4.15087
480,4.15087
481,4.15087
482,4.15087
483,4.15087
484,4.15087
485,4.15087
486,4.15087
487,4.15087
488,4.15087
489,4.15087
490,4.15087
491,4.15087
492,4.15087
493,4.15087
494,4.15087
495,4.15087
496,4.15087
497,4.15087
498,4.15087
499,4.15087
500,4.15087
501,4.15087
502,4.15087
503,4.15087
504,4.15087
505,4.15087
506,4.15087
507,4.15087
508,4.15087
509,4.15087
510,4.15087
511,4.15087
512,4.15087
513,4.15087
514,4.15087
515,4.15087
516,4.15087
517,4.15087
518,1.9984
519,10.7867
520,10.7867
521,10.7867
522,10.7867
523,10.7867
524,10.7867
525,10.7867
526,10.7867
527,10.7867
528,10.7867
529,10.7867
530,10.7867
531,10.7867
532,10.7867
533,10.7867
534,10.7867
535,10.7867
536,10.7867
537,10.7867
538,10.7867
539,10.7867
540,10.7867
541,10.7867
542,10.7867
543,10.7867
544,10.7867
545,10.7867
546,10.7867
547,10.7867
548,10.7867
549,10.7867
550,10.7867
551,10.7867
552,10.7867
553,10.7867
554,10.7867
555,10.7867
556,10.7867
557,10.7867
558,10.7867
559,10.7867
560,10.7867
561,10.7867
562,10.7867
563,10.7867
564,10.7867
565,10.7867
566,10.7867
567,10.7867
568,10.7867
569,10.7867
570,10.7867
571,10.7867
572,10.7867
573,10.7867
574,10.7867
575,10.7867
576,10.7867
577,10.7867
578,10.7867
579,10.7867
580,10.7867
581,10.7867
582,10.7867
583,10.7867
584,10.7867
585,10.7867
586,10.7867
587,10.7867
588,10.7867
589,10.7867
590,10.7867
591,10.7867
592,10.7867
593,10.7867
594,10.7867
595,10.7867
596,10.7867
597,10.7867
598,10.7867
599,10.7867
600,10.7867
601,21.71239
602,21.71239
603,21.71239
604,21.71239
605,11.06419
606,11.06419
607,11.06419
608,11.06419
609,11.06419
610,11.06419
611,11.06419
612,11.06419
613,11.06419
614,11.06419
615,11.06419
616,11.06419
617,11.06419
618,4.61489
619,4.61489
620,4.61489
621,4.61489
622,4.61489
623,4.61489
624,4.61489
625,4.61489
626,4.61489
627,4.61489
628,4.61489
629,4.61489
630,4.61489
631,4.61489
632,4.61489
633,4.61489
634,4.61489
635,4.61489
636,4.61489
637,4.61489
638,4.61489
639,4.61489
640,4.61489
641,4.61489
642,4.61489
643,4.61489
644,4.61489
645,4.61489
646,4.61489
647,4.61489
648,4.61489
649,4.61489
650,4.61489
651,4.61489
652,4.61489
653,4.61489
654,4.61489
655,4.61489
656,4.61489
657,4.61489
658,4.61489
659,4.61489
660,4.61489
661,4.61489
662,4.61489
663,4.61489
664,4.61489
665,4.61489
666,4.61489
667,4.61489
668,4.61489
669,4.61489
670,4.61489
671,4.61489
672,4.61489
673,4.61489
674,4.61489
675,4.61489
676,4.61489
677,4.61489
678,4.61489
679,4.61489
680,4.61489
681,4.61489
682,4.61489
683,4.61489
684,4.61489
685,4.61489
686,4.61489
687,4.61489
688,4.61489
689,4.61489
690,4.61489
691,4.61489
692,4.61489
693,4.61489
694,4.61489
695,4.61489
696,4.61489
697,4.61489
698,4.61489
699,4.61489
700,4.61489
701,4.61489
702,4.61489
703,4.61489
704,4.61489
705,19.29489
706,19.29489
707,19.29489
708,19.29489
709,19.29489
710,6.71589
711,6.71589
712,6.71589
713,6.71589
714,6.71589
715,6.71589
716,6.71589
717,6.71589
718,6.71589
719,6.71589
720,6.71589
721,6.71589
722,15.01489
723,15.01489
724,15.01489
725,15.01489
726,15.01489
727,6.494259375
728,6.494259375
729,6.494259375
730,6.494259375
731,6.494259375
732,6.494259375
733,6.494259375
734,6.494259375
735,6.494259375
736,6.494259375
737,6.494259375
738,6.494259375
739,6.494259375
740,6.494259375
741,6.494259375
742,6.494259375
743,6.494259375
744,6.494259375
745,6.494259375
746,6.494259375
747,6.494259375
748,6.494259375
749,6.494259375
750,6.494259375
751,6.494259375
752,6.494259375
753,6.494259375
754,6.494259375
755,6.494259375
756,6.494259375
757,6.494259375
758,6.494259375
759,6.494259375
760,6.494259375
761,6.494259375
762,6.494259375
763,6.494259375
764,6.494259375
765,6.494259375
766,6.494259375
767,6.494259375
768,6.494259375
769,6.494259375
770,6.494259375
771,6.494259375
772,6.494259375
773,6.494259375
774,6.494259375
775,6.494259375
776,6.494259375
777,6.494259375
778,6.494259375
779,6.494259375
780,6.494259375
781,6.494259375
782,6.494259375
783,6.494259375
784,6.494259375
785,6.494259375
786,6.494259375
787,6.494259375
788,6.494259375
789,6.494259375
790,6.494259375
791,6.494259375
792,6.494259375
793,6.494259375
794,6.494259375
795,6.494259375
796,6.494259375
797,6.494259375
798,6.494259375
799,6.494259375
800,6.494259375
801,6.494259375
802,6.494259375
803,6.494259375
804,6.494259375
805,6.494259375
806,6.494259375
807,6.494259375
808,6.494259375
809,6.494259375
810,6.494259375
811,6.494259375
812,6.494259375
813,6.494259375
814,6.494259375
815,6.494259375
816,6.494259375
817,6.494259375
818,6.494259375
819,6.494259375
820,6.494259375
821,6.494259375
822,6.494259375
823,6.494259375
824,6.494259375
825,6.494259375
826,6.494259375
827,6.494259375
828,6.494259375
829,6.494259375
830,6.494259375
831,6.494259375
832,6.494259375
833,6.494259375
834,6.494259375
835,6.494259375
836,6.494259375
837,6.494259375
838,6.494259375
839,6.494259375
840,6.494259375
841,6.494259375
842,6.494259375
843,6.494259375
844,6.494259375
845,6.494259375
846,6.494259375
847,6.494259375
848,6.494259375
849,6.494259375
850,6.494259375
851,6.494259375
852,6.494259375
853,6.494259375
854,15.34965
855,15.01489
856,15.01489
857,15.01489
858,15.01489
859,15.01489
860,7.01689
861,7.01689
862,7.01689
863,7.01689
864,7.01689
865,7.01689
866,7.01689
867,7.01689
868,7.01689
869,7.01689
870,7.01689
871,7.01689
872,15.01489
873,15.01489
874,15.01489
875,15.01489
876,15.01489
877,6.494259375
878,6.494259375
879,6.494259375
880,6.494259375
881,6.494259375
882,6.494259375
883,6.494259375
884,6.494259375
885,6.494259375
886,6.494259375
887,6.494259375
888,6.494259375
889,6.494259375
890,6.494259375
891,6.494259375
892,6.494259375
893,6.494259375
894,6.494259375
895,6.494259375
896,6.494259375
897,6.494259375
898,6.494259375
899,6.494259375
900,6.494259375
901,6.494259375
902,6.494259375
903,6.494259375
904,6.494259375
905,6.494259375
906,6.494259375
907,6.494259375
908,6.494259375
909,6.494259375
910,6.494259375
911,6.494259375
912,6.494259375
913,6.494259375
914,6.494259375
915,6.494259375
916,6.494259375
917,6.494259375
918,6.494259375
919,6.494259375
920,6.494259375
921,6.494259375
922,6.494259375
923,6.494259375
924,6.494259375
925,6.494259375
926,6.494259375
927,6.494259375
928,6.494259375
929,6.494259375
930,6.494259375
931,6.494259375
932,6.494259375
933,6.494259375
934,6.494259375
935,6.494259375
936,6.494259375
937,6.494259375
938,6.494259375
939,6.494259375
940,6.494259375
941,6.494259375
942,6.494259375
943,6.494259375
944,6.494259375
945,6.494259375
946,6.494259375
947,6.494259375
948,6.494259375
949,6.494259375
950,6.494259375
951,6.494259375
952,6.494259375
953,6.494259375
954,6.494259375
955,6.494259375
956,6.494259375
957,6.494259375
958,6.494259375
959,6.494259375
960,6.494259375
961,6.494259375
962,6.494259375
963,6.494259375
964,6.494259375
965,6.494259375
966,6.494259375
967,6.494259375
968,6.494259375
969,6.494259375
970,6.494259375
971,6.494259375
972,6.494259375
973,6.494259375
974,6.494259375
975,6.494259375
976,6.494259375
977,6.494259375
978,6.494259375
979,6.494259375
980,6.494259375
981,6.494259375
982,6.494259375
983,6.494259375
984,6.494259375
985,6.494259375
986,6.494259375
987,6.494259375
988,6.494259375
989,6.494259375
990,6.494259375
991,6.494259375
992,6.494259375
993,6.494259375
994,6.494259375
995,6.494259375
996,6.494259375
997,6.494259375
998,6.494259375
999,6.494259375
1000,6.494259375
1001,6.494259375
1002,6.494259375
1003,6.494259375
1004,6.494259375
1005,15.01489
1006,15.01489
1007,15.01489
1008,15.01489
1009,15.01489
1010,7.01689
1011,7.01689
1012,7.01689
1013,7.01689
1014,7.01689
1015,7.01689
1016,7.01689
1017,7.01689
1018,7.01689
1019,7.01689
1020,7.01689
1021,7.01689
1022,15.01489
1023,15.01489
1024,15.01489
1025,15.01489
1026,15.01489
1027,6.494259375
1028,6.494259375
1029,6.494259375
1030,6.494259375
1031,6.494259375
1032,6.494259375
1033,6.494259375
1034,6.494259375
1035,6.494259375
1036,6.494259375
1037,6.494259375
1038,6.494259375
1039,6.494259375
1040,6.494259375
1041,6.494259375
1042,6.494259375
1043,6.494259375
1044,6.494259375
1045,6.494259375
1046,6.494259375
1047,6.494259375
1048,6.494259375
1049,6.494259375
1050,6.494259375
1051,6.494259375
1052,6.494259375
1053,6.494259375
1054,6.494259375
1055,6.494259375
1056,6.494259375
1057,6.494259375
1058,6.494259375
1059,6.494259375
1060,6.494259375
1061,6.494259375
1062,6.494259375
1063,6.494259375
1064,6.494259375
1065,6.494259375
1066,6.494259375
1067,6.494259375
1068,6.494259375
1069,6.494259375
1070,6.494259375
1071,6.494259375
1072,6.494259375
1073,6.494259375
1074,6.494259375
1075,6.494259375
1076,6.494259375
1077,6.494259375
1078,6.494259375
1079,6.494259375
1080,6.494259375
1081,6.494259375
1082,6.494259375
1083,6.494259375
1084,6.494259375
1085,6.494259375
1086,6.494259375
1087,6.494259375
1088,6.494259375
1089,6.494259375
1090,6.494259375
1091,6.494259375
1092,6.494259375
1093,6.494259375
1094,6.494259375
1095,6.494259375
1096,6.494259375
1097,6.494259375
1098,6.494259375
1099,6.494259375
1100,6.494259375
1101,6.494259375
1102,6.494259375
1103,6.494259375
1104,6.494259375
1105,6.494259375
1106,6.494259375
1107,6.494259375
1108,6.494259375
1109,6.494259375
1110,6.494259375
1111,6.494259375
1112,6.494259375
1113,6.494259375
1114,6.494259375
1115,6.494259375
1116,6.494259375
1117,6.494259375
1118,6.494259375
1119,6.494259375
1120,6.494259375
1121,6.494259375
1122,6.494259375
1123,6.494259375
1124,6.494259375
1125,6.494259375
1126,6.494259375
1127,6.494259375
1128,6.494259375
1129,6.494259375
1130,6.494259375
1131,6.494259375
1132,6.494259375
1133,6.494259375
1134,6.494259375
1135,6.494259375
1136,6.494259375
1137,6.494259375
1138,6.494259375
1139,6.494259375
1140,6.494259375
1141,6.494259375
1142,6.494259375
1143,6.494259375
1144,6.494259375
1145,6.494259375
1146,6.494259375
1147,6.494259375
1148,6.494259375
1149,6.494259375
1150,6.494259375
1151,6.494259375
1152,6.494259375
1153,6.494259375
1154,6.494259375
1155,15.01489
1156,15.01489
1157,15.01489
1158,15.01489
1159,15.01489
1160,6.71589
1161,6.71589
1162,6.71589
1163,6.71589
1164,6.71589
1165,6.71589
1166,6.71589
1167,6.71589
1168,6.71589
1169,6.71589
1170,6.71589
1171,6.71589
1172,15.61489
1173,15.61489
1174,15.61489
1175,15.61489
1176,15.61489
1177,6.21249
1178,6.21249
1179,6.21249
1180,6.21249
1181,6.21249
1182,6.21249
1183,6.21249
1184,6.21249
1185,6.21249
1186,6.21249
1187,6.21249
1188,6.21249
1189,26.35899
1190,26.35899
1191,26.35899
1192,26.35899
1193,2.61649
1194,2.61649
1195,2.61649
1196,2.61649
1197,2.61649
1198,2.61649
1199,2.61649
1200,2.61649
1201,2.61649
1202,2.61649
1203,2.61649
1204,2.61649
1205,2.61649
1206,2.61649
1207,2.61649
1208,2.61649
1209,2.61649
1210,2.61649
1211,2.61649
1212,2.61649
1213,2.61649
1214,2.61649
1215,2.61649
1216,2.61649
1217,2.61649
1218,2.61649
1219,2.61649
1220,2.61649
1221,2.61649
1222,2.61649
1223,2.61649
1224,2.61649
1225,2.61649
1226,2.61649
1227,2.61649
1228,2.61649
1229,2.61649
1230,2.61649
1231,2.61649
1232,2.61649
1233,2.61649
1234,2.61649
1235,2.61649
1236,2.61649
1237,2.61649
1238,2.61649
1239,2.61649
1240,2.61649
1241,2.61649
1242,2.61649
1243,2.61649
1244,2.61649
1245,2.61649
1246,2.61649
1247,2.61649
1248,2.61649
1249,2.61649
1250,2.61649
1251,2.61649
1252,2.61649
1253,2.61649
1254,2.61649
1255,2.61649
1256,2.61649
1257,2.61649
1258,2.61649
1259,2.61649
1260,2.61649
1261,2.61649
1262,2.61649
1263,2.61649
1264,2.61649
1265,2.61649
1266,2.61649
1267,2.61649
1268,2.61649
1269,2.61649
1270,2.61649
1271,2.61649
1272,2.61649
1273,2.61649
1274,2.61649
1275,2.61649
1276,2.61649
1277,2.61649
1278,2.61649
1279,2.61649
1280,2.61649
1281,2.61649
1282,2.61649
1283,2.61649
1284,2.61649
1285,2.61649
1286,2.61649
1287,2.61649
1288,2.61649
1289,2.61649
1290,2.61649
1291,2.61649
1292,2.61649
1293,2.61649
1294,2.61649
1295,2.61649
1296,2.61649
1297,2.61649
1298,2.61649
1299,2.61649
1300,2.61649
1301,2.61649
1302,2.61649
1303,2.61649
1304,2.61649
1305,2.61649
1306,2.61649
1307,2.61649
1308,2.61649
1309,2.61649
1310,2.61649
1311,2.61649
1312,2.61649
1313,2.61649
1314,2.61649
1315,2.61649
1316,2.61649
1317,2.61649
1318,2.61649
1319,2.61649
1320,2.61649
1321,2.61649
1322,2.61649
1323,2.61649
1324,2.61649
1325,2.61649
1326,2.61649
1327,2.61649
1328,2.61649
1329,2.61649
1330,2.61649
1331,2.61649
1332,2.61649
1333,2.61649
1334,2.61649
1335,2.61649
1336,2.61649
1337,2.61649
1338,2.61649
1339,2.61649
1340,2.61649
1341,2.61649
1342,2.61649
1343,2.61649
1344,2.61649
1345,2.61649
1346,2.61649
1347,2.61649
1348,2.61649
1349,2.61649
1350,2.61649
1351,2.61649
1352,2.61649
1353,2.61649
1354,2.61649
1355,2.61649
1356,2.61649
1357,2.61649
1358,2.61649
1359,2.61649
1360,2.61649
1361,2.61649
1362,2.61649
1363,2.61649
1364,2.61649
1365,2.61649
1366,2.61649
1367,2.61649
1368,2.61649
1369,2.61649
1370,2.61649
1371,2.61649
1372,2.61649
1373,2.61649
1374,2.61649
1375,2.61649
1376,2.61649
1377,2.61649
1378,2.61649
1379,2.61649
1380,2.61649
1381,2.61649
1382,2.61649
1383,2.61649
1384,2.61649
1385,2.61649
1386,2.61649
1387,2.61649
1388,2.61649
1389,2.61649
1390,2.61649
1391,2.61649
1392,2.61649
1393,2.61649
1394,2.61649
1395,2.61649
1396,2.61649
1397,2.61649
1398,2.61649
1399,2.61649
1400,2.61649
1401,2.61649
1402,2.61649
1403,2.61649
1404,2.61649
1405,2.61649
1406,2.61649
1407,2.61649
1408,2.61649
1409,2.61649
1410,2.61649
1411,2.61649
1412,2.61649
1413,2.61649
1414,2.61649
1415,2.61649
1416,2.61649
1417,2.61649
1418,2.61649
1419,2.61649
1420,2.61649
1421,2.61649
1422,2.61649
1423,2.61649
1424,2.61649
1425,2.61649
1426,2.61649
1427,2.61649
1428,2.61649
1429,2.61649
1430,2.61649
1431,2.61649
1432,2.61649
1433,2.61649
1434,2.61649
1435,2.61649
1436,2.61649
1437,2.61649
1438,2.61649
1439,2.61649
1440,2.61649
1441,2.61649
1442,2.61649
1443,2.61649
1444,2.61649
1445,2.61649
1446,2.61649
1447,2.61649
1448,2.61649
1449,2.61649
1450,2.61649
1451,2.61649
1452,2.61649
1453,2.61649
1454,2.61649
1455,2.61649
1456,2.61649
1457,2.61649
1458,2.61649
1459,2.61649
1460,2.61649
1461,2.61649
1462,2.61649
1463,2.61649
1464,2.61649
1465,2.61649
1466,2.61649
1467,2.61649
1468,2.61649
1469,2.61649
1470,2.61649
1471,2.61649
1472,2.61649
1473,2.61649
1474,2.61649
1475,2.61649
1476,2.61649
1477,2.61649
1478,2.61649
1479,2.61649
1480,2.61649
1481,2.61649
1482,2.61649
1483,2.61649
1484,2.61649
1485,2.61649
1486,2.61649
1487,2.61649
1488,2.61649
1489,2.61649
1490,2.61649
1491,2.61649
1492,2.61649
1493,2.61649
1494,2.61649
1495,2.61649
1496,2.61649
1497,2.61649
1498,2.61649
1499,2.61649
1500,2.61649
1501,2.61649
1502,2.61649
1503,2.61649
1504,2.61649
1505,2.61649
1506,2.61649
1507,2.61649
1508,2.61649
1509,2.61649
1510,2.61649
1511,2.61649
1512,2.61649
1513,2.61649
1514,2.61649
1515,2.61649
1516,2.61649
1517,2.61649
1518,2.61649
1519,2.61649
1520,2.61649
1521,2.61649
1522,2.61649
1523,2.61649
1524,2.61649
1525,2.61649
1526,2.61649
1527,2.61649
1528,2.61649
1529,2.61649
1530,2.61649
1531,2.61649
1532,2.61649
1533,2.61649
1534,2.61649
1535,2.61649
1536,2.61649
1537,2.61649
1538,2.61649
1539,2.61649
1540,2.61649
1541,2.61649
1542,2.61649
1543,2.61649
1544,2.61649
1545,2.61649
1546,2.61649
1547,2.61649
1548,2.61649
1549,2.61649
1550,2.61649
1551,2.61649
1552,2.61649
1553,2.61649
1554,2.61649
1555,2.61649
1556,2.61649
1557,2.61649
1558,2.61649
1559,2.61649
1560,2.61649
1561,2.61649
1562,2.61649
1563,2.61649
1564,2.61649
1565,2.61649
1566,2.61649
1567,2.61649
1568,2.61649
1569,2.61649
1570,2.61649
1571,2.61649
1572,2.61649
1573,2.61649
1574,2.61649
1575,2.61649
1576,2.61649
1577,2.61649
1578,2.61649
1579,2.61649
1580,2.61649
1581,2.61649
1582,2.61649
1583,2.61649
1584,2.61649
1585,2.61649
1586,2.61649
1587,2.61649
1588,2.61649
1589,2.61649
1590,2.61649
1591,2.61649
1592,2.61649
1593,2.61649
1594,2.61649
1595,2.61649
1596,2.61649
1597,2.61649
1598,2.61649
1599,2.61649
1600,2.61649
1601,2.61649
1602,2.61649
1603,2.61649
1604,2.61649
1605,2.61649
1606,2.61649
1607,2.61649
1608,2.61649
1609,2.61649
1610,2.61649
1611,2.61649
1612,2.61649
1613,2.61649
1614,2.61649
1615,2.61649
1616,2.61649
1617,2.61649
1618,2.61649
1619,2.61649
1620,2.61649
1621,2.61649
1622,2.61649
1623,2.61649
1624,2.61649
1625,2.61649
1626,2.61649
1627,2.61649
1628,2.61649
1629,2.61649
1630,2.61649
1631,2.61649
1632,2.61649
1633,2.61649
1634,2.61649
1635,2.61649
1636,2.61649
1637,2.61649
1638,2.61649
1639,2.61649
1640,2.61649
1641,2.61649
1642,2.61649
1643,2.61649
1644,2.61649
1645,2.61649
1646,2.61649
1647,2.61649
1648,2.61649
1649,2.61649
1650,2.61649
1651,2.61649
1652,2.61649
1653,2.61649
1654,2.61649
1655,2.61649
1656,2.61649
1657,2.61649
1658,2.61649
1659,2.61649
1660,2.61649
1661,2.61649
1662,2.61649
1663,2.61649
1664,2.61649
1665,2.61649
1666,2.61649
1667,2.61649
1668,2.61649
1669,2.61649
1670,2.61649
1671,2.61649
1672,2.61649
1673,2.61649
1674,2.61649
1675,2.61649
1676,2.61649
1677,2.61649
1678,2.61649
1679,2.61649
1680,2.61649
1681,2.61649
1682,2.61649
1683,2.61649
1684,2.61649
1685,2.61649
1686,2.61649
1687,2.61649
1688,2.61649
1689,2.61649
1690,2.61649
1691,2.61649
1692,2.61649
1693,2.61649
1694,2.61649
1695,2.61649
1696,2.61649
1697,2.61649
1698,2.61649
1699,2.61649
1700,2.61649
1701,2.61649
1702,2.61649
1703,2.61649
1704,2.61649
1705,2.61649
1706,2.61649
1707,2.61649
1708,2.61649
1709,2.61649
1710,2.61649
1711,2.61649
1712,2.61649
1713,2.61649
1714,2.61649
1715,2.61649
1716,2.61649
1717,2.61649
1718,2.61649
1719,2.61649
1720,2.61649
1721,2.61649
1722,2.61649
1723,2.61649
1724,2.61649
1725,2.61649
1726,2.61649
1727,2.61649
1728,2.61649
1729,2.61649
1730,2.61649
1731,2.61649
1732,2.61649
1733,2.61649
1734,2.61649
1735,2.61649
1736,2.61649
1737,2.61649
1738,2.61649
1739,2.61649
1740,2.61649
1741,2.61649
1742,2.61649
1743,2.61649
1744,2.61649
1745,2.61649
1746,2.61649
1747,2.61649
1748,2.61649
1749,2.61649
1750,2.61649
1751,2.61649
1752,2.61649
1753,2.61649
1754,2.61649
1755,2.61649
1756,2.61649
1757,2.61649
1758,2.61649
1759,2.61649
1760,2.61649
1761,2.61649
1762,2.61649
1763,2.61649
1764,2.61649
1765,2.61649
1766,2.61649
1767,2.61649
1768,2.61649
1769,2.61649
1770,2.61649
1771,2.61649
1772,2.61649
1773,2.61649
1774,2.61649
1775,2.61649
1776,2.61649
1777,2.61649
1778,2.61649
1779,2.61649
1780,2.61649
1781,2.61649
1782,2.61649
1783,2.61649
1784,2.61649
1785,2.61649
1786,2.61649
1787,2.61649
1788,2.61649
1789,2.61649
1790,2.61649
1791,2.61649
1792,2.61649
1793,2.61649
1794,2.61649
1795,2.61649
1796,2.61649
1797,2.61649
1798,2.61649
1799,2.61649
1800,2.61649
1801,2.61649
1802,2.61649
1803,2.61649
1804,2.61649
1805,2.61649
1806,2.61649
1807,2.61649
1808,2.61649
1809,2.61649
1810,2.61649
1811,2.61649
1812,2.61649
1813,2.61649
1814,2.61649
1815,2.61649
1816,2.61649
1817,2.61649
1818,2.61649
1819,2.61649
1820,2.61649
1821,2.61649
1822,2.61649
1823,2.61649
1824,2.61649
1825,2.61649
1826,2.61649
1827,2.61649
1828,2.61649
1829,2.61649
1830,2.61649
1831,2.61649
1832,2.61649
1833,2.61649
1834,2.61649
1835,2.61649
1836,2.61649
1837,2.61649
1838,2.61649
1839,2.61649
1840,2.61649
1841,2.61649
1842,2.61649
1843,2.61649
1844,2.61649
1845,2.61649
1846,2.61649
1847,2.61649
1848,2.61649
1849,2.61649
1850,2.61649
1851,2.61649
1852,2.61649
1853,2.61649
1854,2.61649
1855,2.61649
1856,2.61649
1857,2.61649
1858,2.61649
1859,2.61649
1860,2.61649
1861,2.61649
1862,2.61649
1863,2.61649
1864,2.61649
1865,2.61649
1866,2.61649
1867,2.61649
1868,2.61649
1869,2.61649
1870,2.61649
1871,2.61649
1872,2.61649
1873,2.61649
1874,2.61649
1875,2.61649
1876,2.61649
1877,2.61649
1878,2.61649
1879,2.61649
1880,2.61649
1881,2.61649
1882,2.61649
1883,2.61649
1884,2.61649
1885,2.61649
1886,2.61649
1887,2.61649
1888,2.61649
1889,2.61649
1890,2.61649
1891,2.61649
1892,2.61649
1893,2.61649
1894,2.61649
1895,2.61649
1896,2.61649
1897,2.61649
1898,2.61649
1899,2.61649
1900,2.61649
1901,2.61649
1902,2.61649
1903,2.61649
1904,2.61649
1905,2.61649
1906,2.61649
1907,2.61649
1908,2.61649
1909,2.61649
1910,2.61649
1911,2.61649
1912,2.61649
1913,2.61649
1914,2.61649
1915,2.61649
1916,2.61649
1917,2.61649
1918,2.61649
1919,2.61649
1920,2.61649
1921,2.61649
1922,2.61649
1923,2.61649
1924,2.61649
1925,2.61649
1926,2.61649
1927,2.61649
1928,2.61649
1929,2.61649
1930,2.61649
1931,2.61649
1932,2.61649
1933,2.61649
1934,2.61649
1935,2.61649
1936,2.61649
1937,2.61649
1938,2.61649
1939,2.61649
1940,2.61649
1941,2.61649
1942,2.61649
1943,2.61649
1944,2.61649
1945,2.61649
1946,2.61649
1947,2.61649
1948,2.61649
1949,2.61649
1950,2.61649
1951,2.61649
1952,2.61649
1953,2.61649
1954,2.61649
1955,2.61649
1956,2.61649
1957,2.61649
1958,2.61649
1959,2.61649
1960,2.61649
1961,2.61649
1962,2.61649
1963,2.61649
1964,2.61649
1965,2.61649
1966,2.61649
1967,2.61649
1968,2.61649
1969,2.61649
1970,2.61649
1971,2.61649
1972,2.61649
1973,2.61649
1974,2.61649
1975,2.61649
1976,2.61649
1977,2.61649
1978,2.61649
1979,2.61649
1980,2.61649
1981,2.61649
1982,2.61649
1983,2.61649
1984,2.61649
1985,2.61649
1986,2.61649
1987,2.61649
1988,2.61649
1989,2.61649
1990,2.61649
1991,2.61649
1992,2.61649
1993,2.61649
1994,2.61649
1995,2.61649
1996,2.61649
1997,2.61649
1998,2.61649
1999,2.61649
2000,2.61649
2001,2.61649
2002,2.61649
2003,2.61649
2004,2.61649
2005,2.61649
2006,2.61649
2007,2.61649
2008,2.61649
2009,2.61649
2010,2.61649
2011,2.61649
2012,2.61649
2013,2.61649
2014,2.61649
2015,2.61649
2016,2.61649
2017,2.61649
2018,2.61649
2019,2.61649
2020,2.61649
2021,2.61649
2022,2.61649
2023,2.61649
2024,2.61649
2025,2.61649
2026,2.61649
2027,2.61649
2028,2.61649
2029,2.61649
2030,2.61649
2031,2.61649
2032,2.61649
2033,2.61649
2034,2.61649
2035,2.61649
2036,2.61649
2037,2.61649
2038,2.61649
2039,2.61649
2040,2.61649
2041,2.61649
2042,2.61649
2043,2.61649
2044,2.61649
2045,2.61649
2046,2.61649
2047,2.61649
2048,2.61649
2049,2.61649
2050,2.61649
2051,2.61649
2052,2.61649
2053,2.61649
2054,2.61649
2055,2.61649
2056,2.61649
2057,2.61649
2058,2.61649
2059,2.61649
2060,2.61649
2061,2.61649
2062,2.61649
2063,2.61649
2064,2.61649
2065,2.61649
2066,2.61649
2067,2.61649
2068,2.61649
2069,2.61649
2070,2.61649
2071,2.61649
2072,2.61649
2073,2.61649
2074,2.61649
2075,2.61649
2076,2.61649
2077,2.61649
2078,2.61649
2079,2.61649
2080,9.81649
2081,9.81649
2082,9.81649
2083,9.81649
2084,9.81649
2085,9.81649
2086,9.81649
2087,9.81649
2088,9.81649
2089,9.81649
2090,9.81649
2091,9.81649
2092,9.81649
2093,9.81649
2094,9.81649
2095,2.61649
2096,2.61649
2097,2.61649
2098,2.61649
2099,2.61649
2100,2.61649
2101,2.61649
2102,2.61649
2103,2.61649
2104,2.61649
2105,2.61649
2106,2.61649
2107,2.61649
2108,2.61649
2109,2.61649
2110,2.61649
2111,2.61649
2112,2.61649
2113,2.61649
2114,2.61649
2115,2.61649
2116,2.61649
2117,2.61649
2118,2.61649
2119,2.61649
2120,2.61649
2121,2.61649
2122,2.61649
2123,2.61649
2124,2.61649
2125,2.61649
2126,2.61649
2127,2.61649
2128,2.61649
2129,2.61649
2130,2.61649
2131,2.61649
2132,2.61649
2133,2.61649
2134,2.61649
2135,2.61649
2136,2.61649
2137,2.61649
2138,2.61649
2139,2.61649
2140,2.61649
2141,2.61649
2142,2.61649
2143,2.61649
2144,2.61649
2145,2.61649
2146,2.61649
2147,2.61649
2148,2.61649
2149,2.61649
2150,2.61649
2151,2.61649
2152,2.61649
2153,2.61649
2154,2.61649
2155,2.61649
2156,2.61649
2157,2.61649
2158,2.61649
2159,2.61649
2160,2.61649
2161,2.61649
2162,2.61649
2163,2.61649
2164,2.61649
2165,2.61649
2166,2.61649
2167,2.61649
2168,2.61649
2169,2.61649
2170,2.61649
2171,2.61649
2172,2.61649
2173,2.61649
2174,2.61649
2175,2.61649
2176,2.61649
2177,2.61649
2178,2.61649
2179,2.61649
2180,2.61649
2181,2.61649
2182,2.61649
2183,2.61649
2184,2.61649
2185,2.61649
2186,2.61649
2187,2.61649
2188,2.61649
2189,2.61649
2190,2.61649
2191,2.61649
2192,2.61649
2193,2.61649
2194,2.61649
2195,2.61649
2196,2.61649
2197,2.61649
2198,2.61649
2199,2.61649
2200,2.61649
2201,2.61649
2202,2.61649
2203,2.61649
2204,2.61649
2205,2.61649
2206,2.61649
2207,2.61649
2208,2.61649
2209,2.61649
2210,2.61649
2211,2.61649
2212,2.61649
2213,2.61649
2214,2.61649
2215,2.61649
2216,2.61649
2217,2.61649
2218,2.61649
2219,2.61649
2220,2.61649
2221,2.61649
2222,2.61649
2223,2.61649
2224,2.61649
2225,2.61649
2226,2.61649
2227,2.61649
2228,2.61649
2229,2.61649
2230,2.61649
2231,2.61649
2232,25.49779
2233,25.49779
2234,25.49779
2235,25.49779
2236,25.49779
2237,25.49779
2238,25.49779
2239,25.49779
2240,25.49779
2241,25.49779
2242,25.49779
2243,25.49779
2244,25.49779
2245,25.49779
2246,25.49779
2247,25.49779
2248,25.49779
2249,25.49779
2250,25.49779
2251,25.49779
2252,25.49779
2253,25.49779
2254,25.49779
2255,25.49779
2256,25.49779
2257,25.49779
2258,25.49779
2259,25.49779
2260,25.49779
2261,25.49779
2262,25.49779
2263,25.49779
2264,25.49779
2265,25.49779
2266,25.49779
2267,25.49779
2268,25.49779
2269,25.49779
2270,25.49779
2271,25.49779
2272,25.49779
2273,25.49779
2274,25.49779
2275,25.49779
2276,25.49779
2277,25.49779
2278,25.49779
2279,25.49779
2280,25.49779
2281,25.49779
2282,25.49779
2283,25.49779
2284,25.49779
2285,25.49779
2286,25.49779
2287,25.49779
2288,25.49779
2289,25.49779
2290,25.49779
2291,25.49779
2292,25.49779
2293,25.49779
2294,25.49779
2295,25.49779
2296,25.49779
2297,25.49779
2298,25.49779
2299,49.24029
2300,49.24029
2301,49.24029
2302,49.24029
2303,29.09379
2304,29.09379
2305,29.09379
2306,29.09379
2307,29.09379
2308,29.09379
2309,29.09379
2310,29.09379
2311,29.09379
2312,29.09379
2313,29.09379
2314,29.09379
2315,25.49779
2316,25.49779
2317,25.49779
2318,25.49779
2319,25.49779
2320,25.49779
2321,25.49779
2322,25.49779
2323,25.49779
2324,25.49779
2325,25.49779
2326,25.49779
2327,25.49779
2328,25.49779
2329,25.49779
2330,25.49779
2331,25.49779
2332,25.49779
2333,25.49779
2334,25.49779
2335,25.49779
2336,25.49779
2337,25.49779
2338,25.49779
2339,25.49779
2340,25.49779
2341,25.49779
2342,25.49779
2343,25.49779
2344,25.49779
2345,25.49779
2346,25.49779
2347,25.49779
2348,25.49779
2349,25.49779
2350,25.49779
2351,25.49779
2352,25.49779
2353,25.49779
2354,25.49779
2355,25.49779
2356,25.49779
2357,25.49779
2358,25.49779
2359,25.49779
2360,25.49779
2361,25.49779
2362,25.49779
2363,25.49779
2364,25.49779
2365,25.49779
2366,25.49779
2367,25.49779
2368,25.49779
2369,25.49779
2370,25.49779
2371,25.49779
2372,25.49779
2373,25.49779
2374,25.49779
2375,25.49779
2376,25.49779
2377,25.49779
2378,25.49779
2379,25.49779
2380,25.49779
2381,25.49779
2382,25.49779
2383,25.49779
2384,25.49779
2385,25.49779
2386,25.49779
2387,25.49779
2388,25.49779
2389,25.49779
2390,25.49779
2391,25.49779
2392,25.49779
2393,25.49779
2394,25.49779
2395,25.49779
2396,25.49779
2397,25.49779
2398,25.49779
2399,25.49779
2400,25.49779
2401,25.49779
2402,25.49779
2403,25.49779
2404,25.49779
2405,25.49779
2406,25.49779
2407,25.49779
2408,25.49779
2409,25.49779
2410,25.49779
2411,25.49779
2412,25.49779
2413,25.49779
2414,25.49779
2415,25.49779
2416,25.49779
2417,25.49779
2418,25.49779
2419,25.49779
2420,25.49779
2421,25.49779
2422,25.49779
2423,25.49779
2424,25.49779
2425,25.49779
2426,25.49779
2427,25.49779
2428,25.49779
2429,25.49779
2430,25.49779
2431,25.49779
2432,25.49779
2433,25.49779
2434,25.49779
2435,25.49779
2436,25.49779
2437,25.49779
2438,25.49779
2439,25.49779
2440,25.49779
2441,25.49779
2442,25.49779
2443,25.49779
2444,25.49779
2445,25.49779
2446,25.49779
2447,25.49779
2448,25.49779
2449,25.49779
2450,25.49779
2451,25.49779
2452,25.49779
2453,25.49779
2454,25.49779
2455,25.49779
2456,25.49779
2457,25.49779
2458,25.49779
2459,25.49779
2460,25.49779
2461,25.49779
2462,25.49779
2463,25.49779
2464,25.49779
2465,25.49779
2466,25.49779
2467,25.49779
2468,25.49779
2469,25.49779
2470,25.49779
2471,25.49779
2472,25.49779
2473,25.49779
2474,25.49779
2475,25.49779
2476,25.49779
2477,25.49779
2478,25.49779
2479,25.49779
2480,25.49779
2481,25.49779
2482,25.49779
2483,25.49779
2484,25.49779
2485,25.49779
2486,25.49779
2487,25.49779
2488,25.49779
2489,25.49779
2490,25.49779
2491,25.49779
2492,25.49779
2493,25.49779
2494,25.49779
2495,25.49779
2496,25.49779
2497,25.49779
2498,25.49779
2499,25.49779
2500,25.49779
2501,25.49779
2502,25.49779
2503,25.49779
2504,25.49779
2505,25.49779
2506,25.49779
2507,25.49779
2508,25.49779
2509,25.49779
2510,25.49779
2511,25.49779
2512,25.49779
2513,25.49779
2514,25.49779
2515,25.49779
2516,25.49779
2517,25.49779
2518,25.49779
2519,25.49779
2520,25.49779
2521,25.49779
2522,25.49779
2523,25.49779
2524,25.49779
2525,25.49779
2526,25.49779
2527,25.49779
2528,25.49779
2529,25.49779
2530,25.49779
2531,25.49779
2532,25.49779
2533,25.49779
2534,25.49779
2535,25.49779
2536,25.49779
2537,25.49779
2538,25.49779
2539,25.49779
2540,25.49779
2541,25.49779
2542,25.49779
2543,25.49779
2544,25.49779
2545,25.49779
2546,25.49779
2547,25.49779
2548,25.49779
2549,25.49779
2550,25.49779
2551,25.49779
2552,25.49779
2553,25.49779
2554,25.49779
2555,25.49779
2556,25.49779
2557,25.49779
2558,25.49779
2559,25.49779
2560,25.49779
2561,25.49779
2562,25.49779
2563,25.49779
2564,25.49779
2565,25.49779
2566,25.49779
2567,25.49779
2568,25.49779
2569,25.49779
2570,25.49779
2571,25.49779
2572,25.49779
2573,25.49779
2574,25.49779
2575,25.49779
2576,25.49779
2577,25.49779
2578,25.49779
2579,25.49779
2580,25.49779
2581,25.49779
2582,25.49779
2583,25.49779
2584,25.49779
2585,25.49779
2586,25.49779
2587,25.49779
2588,25.49779
2589,25.49779
2590,25.49779
2591,25.49779
2592,25.49779
2593,25.49779
2594,25.49779
2595,25.49779
2596,25.49779
2597,25.49779
2598,25.49779
2599,25.49779
2600,25.49779
2601,25.49779
2602,25.49779
2603,25.49779
2604,25.49779
2605,25.49779
2606,25.49779
2607,25.49779
2608,25.49779
2609,25.49779
2610,25.49779
2611,25.49779
2612,25.49779
2613,25.49779
2614,25.49779
2615,25.49779
2616,25.49779
2617,25.49779
2618,25.49779
2619,25.49779
2620,25.49779
2621,25.49779
2622,25.49779
2623,25.49779
2624,25.49779
2625,25.49779
2626,25.49779
2627,25.49779
2628,25.49779
2629,25.49779
2630,25.49779
2631,25.49779
2632,25.49779
2633,25.49779
2634,25.49779
2635,25.49779
2636,25.49779
2637,25.49779
2638,25.49779
2639,25.49779
2640,25.49779
2641,25.49779
2642,25.49779
2643,25.49779
2644,25.49779
2645,25.49779
2646,25.49779
2647,25.49779
2648,25.49779
2649,25.49779
2650,25.49779
2651,25.49779
2652,25.49779
2653,25.49779
2654,25.49779
2655,25.49779
2656,25.49779
2657,25.49779
2658,25.49779
2659,25.49779
2660,25.49779
2661,25.49779
2662,25.49779
2663,25.49779
2664,25.49779
2665,25.49779
2666,25.49779
2667,25.49779
2668,25.49779
2669,25.49779
2670,25.49779
2671,25.49779
2672,25.49779
2673,25.49779
2674,25.49779
2675,25.49779
2676,25.49779
2677,25.49779
2678,25.49779
2679,25.49779
2680,32.90693
2681,32.90693
2682,36.50293
2683,36.50293
2684,36.50293
2685,36.50293
2686,36.50293
2687,36.50293
2688,36.50293
2689,36.50293
2690,36.50293
2691,36.50293
2692,36.50293
2693,36.50293
2694,65.48943
2695,65.48943
2696,65.48943
2697,65.48943
2698,32.22693
2699,32.22693
2700,32.22693
2701,32.22693
2702,32.22693
2703,32.22693
2704,32.22693
2705,32.22693
2706,32.22693
2707,32.22693
2708,32.22693
2709,32.22693
2710,32.22693
2711,32.22693
2712,32.22693
2713,32.22693
2714,32.22693
2715,32.22693
2716,32.22693
2717,32.22693
2718,32.22693
2719,32.22693
2720,32.22693
2721,32.22693
2722,32.22693
2723,32.22693
2724,32.22693
2725,32.22693
2726,32.22693
2727,32.22693
2728,32.22693
2729,32.22693
2730,32.22693
2731,32.22693
2732,32.22693
2733,32.22693
2734,32.22693
2735,32.22693
2736,32.22693
2737,32.22693
2738,32.22693
2739,32.22693
2740,32.22693
2741,32.22693
2742,32.22693
2743,32.22693
2744,32.22693
2745,32.22693
2746,32.22693
2747,32.22693
2748,32.22693
2749,32.22693
2750,32.22693
2751,32.22693
2752,32.22693
2753,32.22693
2754,32.22693
2755,32.22693
2756,32.22693
2757,32.22693
2758,32.22693
2759,32.22693
2760,32.22693
2761,32.22693
2762,32.22693
2763,32.22693
2764,32.22693
2765,32.22693
2766,32.22693
2767,32.22693
2768,32.22693
2769,32.90693
2770,32.90693
2771,32.90693
2772,32.90693
2773,32.90693
2774,32.90693
2775,32.90693
2776,32.90693
2777,32.90693
2778,32.90693
2779,32.90693
2780,32.90693
2781,32.90693
2782,32.90693
2783,32.22693
2784,65.48943
2785,65.48943
2786,65.48943
2787,65.48943
2788,32.22693
2789,32.22693
2790,32.22693
2791,32.22693
2792,32.22693
2793,32.22693
2794,32.22693
2795,32.22693
2796,32.22693
2797,32.22693
2798,32.22693
2799,32.22693
2800,32.22693
2801,32.22693
2802,32.22693
2803,32.22693
2804,32.22693
2805,32.22693
2806,32.22693
2807,32.22693
2808,32.22693
2809,32.22693
2810,32.22693
2811,32.22693
2812,32.22693
2813,32.22693
2814,32.22693
2815,32.22693
2816,32.22693
2817,32.22693
2818,32.22693
2819,32.22693
2820,32.22693
2821,32.22693
2822,9.34563
2823,9.34563
2824,9.34563
2825,9.34563
2826,9.34563
2827,9.34563
2828,9.34563
2829,9.34563
2830,9.34563
2831,9.34563
2832,9.34563
2833,9.34563
2834,9.34563
2835,9.34563
2836,9.34563
2837,9.34563
2838,9.34563
2839,9.34563
2840,9.34563
2841,9.34563
2842,9.34563
2843,9.34563
2844,9.34563
2845,9.34563
2846,9.34563
2847,9.34563
2848,9.34563
2849,9.34563
2850,9.34563
2851,9.34563
2852,9.34563
2853,9.34563
2854,9.34563
2855,9.34563
2856,9.34563
2857,9.34563
2858,9.34563
2859,9.34563
2860,9.34563
2861,9.34563
2862,9.34563
2863,9.34563
2864,9.34563
2865,9.34563
2866,9.34563
2867,9.34563
2868,9.34563
2869,9.34563
2870,9.34563
2871,9.34563
2872,9.34563
2873,9.34563
2874,9.34563
2875,9.34563
2876,9.34563
2877,9.34563
2878,9.34563
2879,9.34563
2880,31.50563
2881,31.50563
2882,31.50563
2883,31.50563
2884,31.50563
2885,34.50563
2886,34.50563
2887,31.88914
2888,31.88914
2889,31.88914
2890,31.88914
2891,25.16
2892,3
2893,3
2894,3
2895,3
2896,3
2897,3
2898,3
2899,3
2900,3
2901,3
2902,3
2903,3
2904,3
2905,3